id_user,name,surname,at_birthday,phone,id_document_type,number_id,id_gender,id_demographic,id_rol
1,Juan,Pérez,1990-05-15,3101234567,1,1010123456,1,1,3
2,María,Gómez,1985-11-20,3112345678,2,2020345678,2,2,3
3,Carlos,Rodríguez,1992-03-10,3123456789,1,1010234567,1,3,3
4,Ana,López,1995-07-25,3134567890,1,1010345678,2,4,3
5,Luis,Hernández,1988-09-08,3145678901,3,3030456789,1,5,3
6,Sofía,Díaz,1991-02-14,3156789012,4,4040567890,2,6,3
7,Miguel,Sánchez,1987-12-03,3167890123,1,1010456789,1,1,3
8,Laura,Ramírez,1993-06-28,3178901234,1,1010567890,2,2,3
9,Pedro,Torres,1989-08-11,3189012345,1,1010678901,1,3,3
10,Isabel,Ruiz,1994-04-05,3190123456,2,2020789012,2,4,3
11,José,Flores,1986-10-18,3201234567,1,1010789012,1,5,3
12,Sara,Castillo,1996-01-22,3212345678,1,1010890123,2,6,3
13,Daniel,Gutiérrez,1990-03-30,3223456789,1,1010901234,1,1,3
14,Valeria,Mendoza,1997-09-17,3234567890,1,1011012345,2,2,3
15,Andrés,Chávez,1984-05-02,3245678901,1,1011123456,1,3,3
16,Camila,Morales,1992-11-09,3256789012,1,1011234567,2,4,2
17,Ricardo,Ortiz,1983-07-29,3267890123,1,1011345678,1,5,3
18,Gabriela,Herrera,1998-01-01,3278901234,2,2020890123,2,6,3
19,Fernando,Castro,1991-04-24,3289012345,1,1011456789,1,1,3
20,Mariana,Cruz,1999-08-13,3290123456,1,1011567890,2,2,3
21,Jorge,Vargas,1985-06-07,3301234567,1,1011678901,1,3,3
22,Paola,Aguilar,1994-12-16,3312345678,1,1011789012,2,4,3
23,Diego,Moreno,1982-02-28,3323456789,1,1011890123,1,5,3
24,Elena,Guzmán,1996-10-04,3334567890,1,1011901234,2,6,3
25,Felipe,Salazar,1990-03-21,3345678901,1,1012012345,1,1,3
26,Natalia,Gallo,1993-05-18,3356789012,1,1012123456,2,2,3
27,Alejandro,Martínez,1989-01-09,3367890123,1,1012234567,1,3,3
28,Andrea,Rojas,1997-07-12,3378901234,1,1012345678,2,4,3
29,Javier,Ortega,1987-11-26,3389012345,1,1012456789,1,5,3
30,Verónica,Soto,1998-09-03,3390123456,1,1012567890,2,6,3
31,Manuel,Silva,1986-08-15,3401234567,1,1012678901,1,1,3
32,Mónica,Vega,1994-02-19,3412345678,1,1012789012,2,2,2
33,David,Luna,1988-06-27,3423456789,1,1012890123,1,3,3
34,Juliana,Reyes,1999-04-14,3434567890,1,1012901234,2,4,3
35,Santiago,León,1985-10-08,3445678901,1,1013012345,1,5,3
36,Carolina,Pardo,1995-03-29,3456789012,1,1013123456,2,6,3
37,Cristian,Gómez,1992-05-11,3467890123,1,1013234567,1,1,3
38,Adriana,Benítez,1990-12-06,3478901234,1,1013345678,2,2,3
39,Iván,Castañeda,1984-07-04,3489012345,1,1013456789,1,3,3
40,Lina,Duarte,1996-01-18,3490123456,1,1013567890,2,4,3
41,Mauricio,Guerrero,1983-09-23,3501234567,1,1013678901,1,5,3
42,Jessica,Franco,1997-06-02,3512345678,1,1013789012,2,6,3
43,Oscar,Vidal,1991-08-25,3523456789,1,1013890123,1,1,3
44,Diana,Cárdenas,1998-10-16,3534567890,1,1013901234,2,2,3
45,Gabriel,Pinzón,1985-02-10,3545678901,1,1014012345,1,3,3
46,Tatiana,Valencia,1994-04-28,3556789012,1,1014123456,2,4,3
47,Hugo,López,1987-12-21,3567890123,1,1014234567,1,5,3
48,Paula,Ospina,1999-03-07,3578901234,1,1014345678,2,6,3
49,Germán,Navarro,1982-11-05,3589012345,1,1014456789,1,1,3
50,Claudia,Suárez,1993-09-20,3590123456,1,1014567890,2,2,3
51,Roberto,Molina,1990-01-14,3601234567,1,1014678901,1,3,3
52,Patricia,Cortés,1995-05-09,3612345678,1,1014789012,2,4,3
53,Rubén,Páez,1988-08-01,3623456789,1,1014890123,1,5,3
54,Viviana,Bermúdez,1996-12-12,3634567890,1,1014901234,2,6,2
55,Omar,García,1986-04-26,3645678901,1,1015012345,1,1,3
56,Eliana,Ramos,1991-07-03,3656789012,1,1015123456,2,2,3
57,Fabián,Ríos,1989-10-19,3667890123,1,1015234567,1,3,3
58,Laura,Acosta,1997-02-24,3678901234,2,2020901234,2,4,3
59,Julián,Blanco,1984-06-13,3689012345,1,1015345678,1,5,3
60,Alejandra,Mora,1998-05-06,3690123456,1,1015456789,2,6,3
61,David,Giraldo,1983-03-17,3701234567,1,1015567890,1,1,3
62,Mariana,Pérez,1990-11-28,3712345678,1,1015678901,2,2,3
63,Juan,Salinas,1992-04-09,3723456789,1,1015789012,1,3,3
64,Natalia,Guerrero,1995-08-02,3734567890,1,1015890123,2,4,2
65,Ricardo,Muñoz,1989-12-19,3745678901,1,1015901234,1,5,3
66,Valentina,Rojas,1996-06-25,3756789012,1,1016012345,2,6,3
67,Luis,Serrano,1985-01-30,3767890123,1,1016123456,1,1,3
68,Sara,Pinto,1994-09-11,3778901234,1,1016234567,2,2,3
69,Daniel,Díaz,1987-03-22,3789012345,1,1016345678,1,3,3
70,Verónica,Castro,1999-10-05,3790123456,1,1016456789,2,4,3
71,Mario,Luna,1986-05-18,3801234567,1,1016567890,1,5,3
72,Camila,León,1993-08-08,3812345678,1,1016678901,2,6,3
73,Andrés,Vega,1988-02-15,3823456789,1,1016789012,1,1,3
74,Karla,Soto,1997-04-20,3834567890,1,1016890123,2,2,3
75,Javier,Ortega,1984-11-23,3845678901,1,1016901234,1,3,3
76,Lucía,Suárez,1998-07-14,3856789012,1,1017012345,2,4,3
77,Felipe,Molina,1991-06-09,3867890123,1,1017123456,1,5,2
78,Adriana,Ríos,1995-12-27,3878901234,1,1017234567,2,6,3
79,Alejandro,Mendoza,1983-04-01,3889012345,1,1017345678,1,1,3
80,Pamela,Ortega,1992-09-06,3890123456,1,1017456789,2,2,3
81,Jorge,Páez,1990-05-10,3901234567,1,1017567890,1,3,3
82,Carolina,Silva,1996-01-21,3912345678,1,1017678901,2,4,3
83,Héctor,Cortés,1987-08-16,3923456789,1,1017789012,1,5,3
84,Daniela,Morales,1994-03-04,3934567890,1,1017890123,2,6,3
85,Manuel,Valencia,1989-10-29,3945678901,1,1017901234,1,1,3
86,Ana,Gómez,1997-06-15,3956789012,1,1018012345,2,2,3
87,Iván,Ramírez,1988-02-08,3967890123,1,1018123456,1,3,3
88,Luisa,Vargas,1999-09-01,3978901234,1,1018234567,2,4,3
89,Cristian,Díaz,1986-07-24,3989012345,1,1018345678,1,5,3
90,Valentina,Franco,1995-04-12,3990123456,1,1018456789,2,6,2
91,Andrés,Méndez,1985-11-29,4001234567,1,1018567890,1,1,3
92,Paola,Pérez,1990-03-07,4012345678,1,1018678901,2,2,3
93,Juan,Ruiz,1993-01-28,4023456789,1,1018789012,1,3,3
94,Sofía,Hernández,1996-08-19,4034567890,1,1018890123,2,4,3
95,Sebastián,Sánchez,1984-06-03,4045678901,1,1018901234,1,5,3
96,Valeria,Rodríguez,1991-05-22,4056789012,1,1019012345,2,6,3
97,Gustavo,López,1983-09-14,4067890123,1,1019123456,1,1,3
98,Alexandra,Gómez,1998-12-09,4078901234,1,1019234567,2,2,3
99,Carlos,Ramírez,1982-10-17,4089012345,1,1019345678,1,3,3
100,María,Díaz,1997-02-05,4090123456,1,1019456789,2,4,3